{"cameraMode":{"drawMode":0,"name":"Shaded","section":"Shading Mode"},"sceneLighting":false,"audioPlay":false,"sceneViewState":{"showFog":true,"showMaterialUpdate":false,"showSkybox":true,"showFlares":true,"showImageEffects":true,"showParticleSystems":true},"in2DMode":false,"pivot":{"x":0.02599954605102539,"y":0.4790000915527344,"z":0.03457236289978027},"rotation":{"x":0.18664996325969697,"y":-0.025051826611161233,"z":0.004761601332575083,"w":0.98209547996521},"size":23.6026554107666,"orthographic":false}