{"cameraMode":{"drawMode":0,"name":"Shaded","section":"Shading Mode"},"sceneLighting":false,"audioPlay":false,"sceneViewState":{"showFog":true,"showMaterialUpdate":false,"showSkybox":true,"showFlares":true,"showImageEffects":true,"showParticleSystems":true},"in2DMode":false,"pivot":{"x":-11.040000915527344,"y":32.650001525878909,"z":0.08000001311302185},"rotation":{"x":0.21154086291790009,"y":0.03810417279601097,"z":-0.00825363490730524,"w":0.9765912294387817},"size":5.715767860412598,"orthographic":false}