{"cameraMode":{"drawMode":0,"name":"Shaded","section":"Shading Mode"},"sceneLighting":false,"audioPlay":false,"sceneViewState":{"showFog":true,"showMaterialUpdate":false,"showSkybox":true,"showFlares":true,"showImageEffects":true,"showParticleSystems":true},"in2DMode":false,"pivot":{"x":0.02599954605102539,"y":0.4790000915527344,"z":0.03457236289978027},"rotation":{"x":0.29289743304252627,"y":0.018633797764778138,"z":-0.005709248129278421,"w":0.9559452533721924},"size":23.6026554107666,"orthographic":false}