{"cameraMode":{"drawMode":0,"name":"Shaded","section":"Shading Mode"},"sceneLighting":false,"audioPlay":false,"sceneViewState":{"showFog":true,"showMaterialUpdate":false,"showSkybox":true,"showFlares":true,"showImageEffects":true,"showParticleSystems":true},"in2DMode":false,"pivot":{"x":-1.5384793281555176,"y":8.571072578430176,"z":-11.217914581298829},"rotation":{"x":0.02806466817855835,"y":0.9183582067489624,"z":-0.38915884494781496,"w":0.06622716039419174},"size":22.249408721923829,"orthographic":false}