{"cameraMode":{"drawMode":0,"name":"Shaded","section":"Shading Mode"},"sceneLighting":false,"audioPlay":false,"sceneViewState":{"showFog":true,"showMaterialUpdate":false,"showSkybox":true,"showFlares":true,"showImageEffects":true,"showParticleSystems":true},"in2DMode":false,"pivot":{"x":-0.48323944211006167,"y":2.1407876014709474,"z":1.5821006298065186},"rotation":{"x":-0.7003049850463867,"y":-0.15864194929599763,"z":0.1642661690711975,"w":-0.6763300895690918},"size":2.8496439456939699,"orthographic":false}