{"cameraMode":{"drawMode":0,"name":"Shaded","section":"Shading Mode"},"sceneLighting":false,"audioPlay":false,"sceneViewState":{"showFog":true,"showMaterialUpdate":false,"showSkybox":true,"showFlares":true,"showImageEffects":true,"showParticleSystems":true},"in2DMode":false,"pivot":{"x":7.300000190734863,"y":-1.0700000524520875,"z":24.260000228881837},"rotation":{"x":0.29265978932380679,"y":0.636193037033081,"z":-0.2843468189239502,"w":0.6547942757606506},"size":2.9601314067840578,"orthographic":false}