{"cameraMode":{"drawMode":0,"name":"Shaded","section":"Shading Mode"},"sceneLighting":false,"audioPlay":false,"sceneViewState":{"showFog":true,"showMaterialUpdate":false,"showSkybox":true,"showFlares":true,"showImageEffects":true,"showParticleSystems":true},"in2DMode":false,"pivot":{"x":2.265000104904175,"y":-2.936000108718872,"z":12.876999855041504},"rotation":{"x":-0.14819945394992829,"y":0.030567819252610208,"z":-0.004582469817250967,"w":-0.9884743690490723},"size":3.0314972400665285,"orthographic":false}