{"cameraMode":{"drawMode":0,"name":"Shaded","section":"Shading Mode"},"sceneLighting":false,"audioPlay":false,"sceneViewState":{"showFog":true,"showMaterialUpdate":false,"showSkybox":true,"showFlares":true,"showImageEffects":true,"showParticleSystems":true},"in2DMode":false,"pivot":{"x":-0.16000068187713624,"y":0.07600116729736328,"z":14.586999893188477},"rotation":{"x":0.2765870690345764,"y":-0.06050000712275505,"z":0.017449455335736276,"w":0.958923876285553},"size":6.045734405517578,"orthographic":false}