{"cameraMode":{"drawMode":0,"name":"Shaded","section":"Shading Mode"},"sceneLighting":false,"audioPlay":false,"sceneViewState":{"showFog":true,"showMaterialUpdate":false,"showSkybox":true,"showFlares":true,"showImageEffects":true,"showParticleSystems":true},"in2DMode":false,"pivot":{"x":3.930999994277954,"y":4.301000118255615,"z":28.881000518798829},"rotation":{"x":-0.24800008535385133,"y":0.03865509852766991,"z":-0.009903501719236374,"w":-0.9679378271102905},"size":2.986135482788086,"orthographic":false}