{"cameraMode":{"drawMode":0,"name":"Shaded","section":"Shading Mode"},"sceneLighting":false,"audioPlay":false,"sceneViewState":{"showFog":true,"showMaterialUpdate":false,"showSkybox":true,"showFlares":true,"showImageEffects":true,"showParticleSystems":true},"in2DMode":false,"pivot":{"x":-0.2794642448425293,"y":0.33643293380737307,"z":14.387521743774414},"rotation":{"x":0.05553189665079117,"y":0.09420666843652725,"z":-0.005263019353151321,"w":0.9939888119697571},"size":7.889294147491455,"orthographic":false}