{"cameraMode":{"drawMode":0,"name":"Shaded","section":"Shading Mode"},"sceneLighting":true,"audioPlay":false,"sceneViewState":{"showFog":true,"showMaterialUpdate":false,"showSkybox":true,"showFlares":true,"showImageEffects":true,"showParticleSystems":true},"in2DMode":false,"pivot":{"x":9.05140209197998,"y":-13.992681503295899,"z":57.21714782714844},"rotation":{"x":0.13189120590686799,"y":0.02410239912569523,"z":-0.003206811146810651,"w":0.9909659624099731},"size":77.35618591308594,"orthographic":false}